,COMUNA,P09,esc_rec,urban,hom,Artés,Boric,Kast,MEO,Parisi,Provoste,Sichel,cluster
117,7107,48.29865666979069,8.655023233456177,0.4003436426116838,0.5148391127772571,0.0050114846523282,0.1323867195656713,0.3520567968260597,0.0561703904781791,0.1219461265399874,0.1954479014408018,0.1369805804969722,0
26,4102,44.08362193665332,11.355147813400263,0.9419532192524924,0.472825271447178,0.0146123288051782,0.2631608189571353,0.2201294552323804,0.0805205989388004,0.2077256438036503,0.1099952773842264,0.1038558768786287,1
250,12201,38.9798522498321,12.137602179836511,0.8865010073875084,0.6178643384822028,0.0115340253748558,0.2179930795847751,0.4855824682814302,0.0322952710495963,0.0945790080738177,0.0853517877739331,0.0726643598615917,2
184,9111,46.68039043924415,9.43973594548552,0.5626329620823426,0.480999457723272,0.0134634293926329,0.1660993873383253,0.355268134029196,0.0764692534604039,0.124574540503744,0.1740412979351032,0.0900839573405945,3
82,6105,45.44521345407503,10.21216557966192,0.779430789133247,0.4932729624838292,0.0106737059566165,0.2631699758980833,0.2266727877883622,0.0872259841615976,0.1719270056237805,0.1158039710776999,0.1245265694938597,4
36,4302,50.5047142582259,8.77214562047416,0.4292861266115066,0.496825091398884,0.0135107884654164,0.2444041137326073,0.1784633998790078,0.0425489009881024,0.1889493849566444,0.2561000201653559,0.0760233918128654,5
42,5103,45.04479290310489,12.75934788157223,0.935871806084838,0.4729180983319798,0.0089555851385695,0.2057364153455161,0.3774658114486264,0.0504659324700472,0.0858445278147565,0.0818508209286377,0.1896809068538464,6
115,7105,41.68791431466204,10.834362750920535,0.7623100303951368,0.476653640179476,0.0078300708038317,0.1763431903373594,0.2847147022074136,0.0806330695543523,0.1948354852144939,0.127030403998334,0.1286130778842149,7
